R0,Cases
0.0,1
0.0009615384615384616,2
0.0019230769230769232,2
0.0028846153846153848,0
0.0038461538461538464,1
0.004807692307692308,1
0.0057692307692307696,3
0.006730769230769231,3
0.007692307692307693,4
0.008653846153846154,5
0.009615384615384616,1
0.010576923076923078,1
0.011538461538461539,0
0.0125,2
0.013461538461538462,0
0.014423076923076924,1
0.015384615384615385,2
0.016346153846153847,1
0.01730769230769231,0
0.01826923076923077,0
0.019230769230769232,1
0.020192307692307693,0
0.021153846153846155,2
0.022115384615384617,0
0.023076923076923078,1
0.02403846153846154,2
0.025,1
0.025961538461538463,2
0.026923076923076925,1
0.027884615384615386,4
0.028846153846153848,1
0.02980769230769231,1
0.03076923076923077,3
0.03173076923076923,1
0.032692307692307694,0
0.03365384615384615,2
0.03461538461538462,0
0.035576923076923075,1
0.03653846153846154,1
0.0375,1
0.038461538461538464,3
0.03942307692307692,6
0.04038461538461539,5
0.041346153846153845,1
0.04230769230769231,2
0.04326923076923077,1
0.04423076923076923,2
0.04519230769230769,2
0.046153846153846156,1
0.047115384615384615,0
0.04807692307692308,1
0.04903846153846154,2
0.05,1
0.05096153846153846,3
0.051923076923076926,3
0.052884615384615384,1
0.05384615384615385,0
0.05480769230769231,1
0.05576923076923077,1
0.05673076923076923,1
0.057692307692307696,0
0.058653846153846154,0
0.05961538461538462,1
0.06057692307692308,1
0.06153846153846154,1
0.0625,3
0.06346153846153846,3
0.06442307692307692,1
0.06538461538461539,0
0.06634615384615385,0
0.0673076923076923,1
0.06826923076923076,1
0.06923076923076923,2
0.07019230769230769,1
0.07115384615384615,3
0.07211538461538461,3
0.07307692307692308,2
0.07403846153846154,2
0.075,3
0.07596153846153846,2
0.07692307692307693,1
0.07788461538461539,1
0.07884615384615384,2
0.0798076923076923,1
0.08076923076923077,2
0.08173076923076923,1
0.08269230769230769,3
0.08365384615384615,1
0.08461538461538462,2
0.08557692307692308,2
0.08653846153846154,2
0.0875,1
0.08846153846153847,3
0.08942307692307692,2
0.09038461538461538,2
0.09134615384615384,3
0.09230769230769231,3
0.09326923076923077,1
0.09423076923076923,0
0.09519230769230769,0
0.09615384615384616,0
0.09711538461538462,1
0.09807692307692308,1
0.09903846153846153,1
0.1,1
0.10096153846153846,1
0.10192307692307692,1
0.10288461538461538,1
0.10384615384615385,3
0.10480769230769231,3
0.10576923076923077,3
0.10673076923076923,1
0.1076923076923077,2
0.10865384615384616,0
0.10961538461538461,1
0.11057692307692307,1
0.11153846153846154,1
0.1125,1
0.11346153846153846,2
0.11442307692307692,0
0.11538461538461539,0
0.11634615384615385,1
0.11730769230769231,0
0.11826923076923077,1
0.11923076923076924,1
0.1201923076923077,1
0.12115384615384615,1
0.12211538461538461,1
0.12307692307692308,1
0.12403846153846154,2
0.125,4
0.12596153846153846,1
0.12692307692307692,4
0.12788461538461537,2
0.12884615384615383,0
0.12980769230769232,1
0.13076923076923078,1
0.13173076923076923,1
0.1326923076923077,2
0.13365384615384615,2
0.1346153846153846,2
0.13557692307692307,1
0.13653846153846153,1
0.1375,1
0.13846153846153847,0
0.13942307692307693,0
0.14038461538461539,1
0.14134615384615384,1
0.1423076923076923,1
0.14326923076923076,0
0.14423076923076922,0
0.1451923076923077,1
0.14615384615384616,1
0.14711538461538462,1
0.14807692307692308,2
0.14903846153846154,2
0.15,1
0.15096153846153845,1
0.1519230769230769,3
0.1528846153846154,5
0.15384615384615385,2
0.1548076923076923,1
0.15576923076923077,0
0.15673076923076923,2
0.1576923076923077,2
0.15865384615384615,3
0.1596153846153846,0
0.1605769230769231,1
0.16153846153846155,1
0.1625,1
0.16346153846153846,0
0.16442307692307692,2
0.16538461538461538,0
0.16634615384615384,1
0.1673076923076923,2
0.16826923076923078,3
0.16923076923076924,3
0.1701923076923077,3
0.17115384615384616,1
0.17211538461538461,3
0.17307692307692307,0
0.17403846153846153,1
0.175,3
0.17596153846153847,2
0.17692307692307693,2
0.1778846153846154,2
0.17884615384615385,1
0.1798076923076923,1
0.18076923076923077,0
0.18173076923076922,0
0.18269230769230768,1
0.18365384615384617,3
0.18461538461538463,4
0.18557692307692308,2
0.18653846153846154,1
0.1875,1
0.18846153846153846,1
0.18942307692307692,0
0.19038461538461537,1
0.19134615384615383,1
0.19230769230769232,1
0.19326923076923078,1
0.19423076923076923,1
0.1951923076923077,0
0.19615384615384615,0
0.1971153846153846,0
0.19807692307692307,2
0.19903846153846153,3
0.2,1
0.20096153846153847,0
0.20192307692307693,1
0.20288461538461539,2
0.20384615384615384,2
0.2048076923076923,0
0.20576923076923076,1
0.20673076923076922,1
0.2076923076923077,1
0.20865384615384616,1
0.20961538461538462,1
0.21057692307692308,0
0.21153846153846154,3
0.2125,3
0.21346153846153845,5
0.2144230769230769,2
0.2153846153846154,1
0.21634615384615385,1
0.2173076923076923,1
0.21826923076923077,1
0.21923076923076923,1
0.2201923076923077,1
0.22115384615384615,3
0.2221153846153846,5
0.2230769230769231,2
0.22403846153846155,0
0.225,0
0.22596153846153846,1
0.22692307692307692,3
0.22788461538461538,0
0.22884615384615384,1
0.2298076923076923,2
0.23076923076923078,1
0.23173076923076924,1
0.2326923076923077,0
0.23365384615384616,3
0.23461538461538461,2
0.23557692307692307,3
0.23653846153846153,3
0.2375,3
0.23846153846153847,4
0.23942307692307693,3
0.2403846153846154,2
0.24134615384615385,4
0.2423076923076923,5
0.24326923076923077,4
0.24423076923076922,5
0.24519230769230768,3
0.24615384615384617,0
0.24711538461538463,1
0.24807692307692308,1
0.24903846153846154,1
0.25,2
0.25096153846153846,1
0.2519230769230769,1
0.2528846153846154,0
0.25384615384615383,1
0.2548076923076923,1
0.25576923076923075,3
0.2567307692307692,3
0.25769230769230766,5
0.2586538461538462,4
0.25961538461538464,3
0.2605769230769231,1
0.26153846153846155,1
0.2625,2
0.26346153846153847,1
0.2644230769230769,0
0.2653846153846154,1
0.26634615384615384,1
0.2673076923076923,3
0.26826923076923076,5
0.2692307692307692,3
0.2701923076923077,2
0.27115384615384613,1
0.2721153846153846,2
0.27307692307692305,2
0.27403846153846156,3
0.275,4
0.2759615384615385,5
0.27692307692307694,4
0.2778846153846154,1
0.27884615384615385,1
0.2798076923076923,1
0.28076923076923077,3
0.28173076923076923,3
0.2826923076923077,8
0.28365384615384615,0
0.2846153846153846,0
0.28557692307692306,1
0.2865384615384615,1
0.2875,1
0.28846153846153844,1
0.28942307692307695,1
0.2903846153846154,2
0.29134615384615387,1
0.2923076923076923,2
0.2932692307692308,1
0.29423076923076924,3
0.2951923076923077,4
0.29615384615384616,6
0.2971153846153846,5
0.2980769230769231,2
0.29903846153846153,0
0.3,0
0.30096153846153845,1
0.3019230769230769,1
0.30288461538461536,1
0.3038461538461538,0
0.30480769230769234,0
0.3057692307692308,0
0.30673076923076925,2
0.3076923076923077,2
0.30865384615384617,4
0.3096153846153846,3
0.3105769230769231,5
0.31153846153846154,4
0.3125,4
0.31346153846153846,2
0.3144230769230769,1
0.3153846153846154,1
0.31634615384615383,1
0.3173076923076923,2
0.31826923076923075,3
0.3192307692307692,1
0.32019230769230766,1
0.3211538461538462,2
0.32211538461538464,2
0.3230769230769231,1
0.32403846153846155,1
0.325,0
0.32596153846153847,1
0.3269230769230769,1
0.3278846153846154,1
0.32884615384615384,1
0.3298076923076923,1
0.33076923076923076,2
0.3317307692307692,1
0.3326923076923077,1
0.33365384615384613,0
0.3346153846153846,1
0.33557692307692305,3
0.33653846153846156,2
0.3375,3
0.3384615384615385,1
0.33942307692307694,1
0.3403846153846154,3
0.34134615384615385,2
0.3423076923076923,3
0.34326923076923077,3
0.34423076923076923,1
0.3451923076923077,2
0.34615384615384615,3
0.3471153846153846,3
0.34807692307692306,1
0.3490384615384615,2
0.35,2
0.35096153846153844,0
0.35192307692307695,0
0.3528846153846154,1
0.35384615384615387,1
0.3548076923076923,0
0.3557692307692308,1
0.35673076923076924,1
0.3576923076923077,1
0.35865384615384616,2
0.3596153846153846,2
0.3605769230769231,3
0.36153846153846153,5
0.3625,2
0.36346153846153845,3
0.3644230769230769,1
0.36538461538461536,4
0.3663461538461538,5
0.36730769230769234,5
0.3682692307692308,5
0.36923076923076925,6
0.3701923076923077,3
0.37115384615384617,4
0.3721153846153846,4
0.3730769230769231,3
0.37403846153846154,2
0.375,3
0.37596153846153846,2
0.3769230769230769,1
0.3778846153846154,1
0.37884615384615383,1
0.3798076923076923,0
0.38076923076923075,1
0.3817307692307692,1
0.38269230769230766,0
0.3836538461538462,1
0.38461538461538464,2
0.3855769230769231,3
0.38653846153846155,3
0.3875,4
0.38846153846153847,0
0.3894230769230769,1
0.3903846153846154,2
0.39134615384615384,1
0.3923076923076923,3
0.39326923076923076,4
0.3942307692307692,2
0.3951923076923077,2
0.39615384615384613,1
0.3971153846153846,0
0.39807692307692305,1
0.39903846153846156,1
0.4,1
0.4009615384615385,1
0.40192307692307694,1
0.4028846153846154,1
0.40384615384615385,0
0.4048076923076923,2
0.40576923076923077,0
0.40673076923076923,1
0.4076923076923077,0
0.40865384615384615,0
0.4096153846153846,0
0.41057692307692306,1
0.4115384615384615,2
0.4125,5
0.41346153846153844,2
0.41442307692307695,2
0.4153846153846154,1
0.41634615384615387,1
0.4173076923076923,1
0.4182692307692308,2
0.41923076923076924,2
0.4201923076923077,2
0.42115384615384616,3
0.4221153846153846,2
0.4230769230769231,6
0.42403846153846153,3
0.425,2
0.42596153846153845,1
0.4269230769230769,1
0.42788461538461536,1
0.4288461538461538,2
0.42980769230769234,1
0.4307692307692308,1
0.43173076923076925,1
0.4326923076923077,1
0.43365384615384617,1
0.4346153846153846,1
0.4355769230769231,1
0.43653846153846154,1
0.4375,1
0.43846153846153846,0
0.4394230769230769,0
0.4403846153846154,0
0.44134615384615383,1
0.4423076923076923,0
0.44326923076923075,0
0.4442307692307692,1
0.44519230769230766,2
0.4461538461538462,1
0.44711538461538464,2
0.4480769230769231,1
0.44903846153846155,2
0.45,3
0.45096153846153847,1
0.4519230769230769,2
0.4528846153846154,4
0.45384615384615384,5
0.4548076923076923,6
0.45576923076923076,6
0.4567307692307692,1
0.4576923076923077,0
0.45865384615384613,1
0.4596153846153846,3
0.46057692307692305,3
0.46153846153846156,3
0.4625,1
0.4634615384615385,2
0.46442307692307694,2
0.4653846153846154,0
0.46634615384615385,2
0.4673076923076923,0
0.46826923076923077,0
0.46923076923076923,2
0.4701923076923077,2
0.47115384615384615,0
0.4721153846153846,1
0.47307692307692306,5
0.4740384615384615,4
0.475,2
0.47596153846153844,6
0.47692307692307695,4
0.4778846153846154,1
0.47884615384615387,2
0.4798076923076923,3
0.4807692307692308,5
0.48173076923076924,2
0.4826923076923077,1
0.48365384615384616,3
0.4846153846153846,3
0.4855769230769231,1
0.48653846153846153,1
0.4875,0
0.48846153846153845,1
0.4894230769230769,1
0.49038461538461536,2
0.4913461538461538,1
0.49230769230769234,0
0.4932692307692308,1
0.49423076923076925,1
0.4951923076923077,5
0.49615384615384617,4
0.4971153846153846,2
0.4980769230769231,2
0.49903846153846154,1
0.5,2
0.5009615384615385,1
0.5019230769230769,4
0.5028846153846154,3
0.5038461538461538,3
0.5048076923076923,3
0.5057692307692307,6
0.5067307692307692,5
0.5076923076923077,3
0.5086538461538461,8
0.5096153846153846,4
0.510576923076923,2
0.5115384615384615,1
0.5125,1
0.5134615384615384,2
0.5144230769230769,2
0.5153846153846153,1
0.5163461538461539,4
0.5173076923076924,1
0.5182692307692308,1
0.5192307692307693,1
0.5201923076923077,1
0.5211538461538462,3
0.5221153846153846,3
0.5230769230769231,2
0.5240384615384616,2
0.525,2
0.5259615384615385,1
0.5269230769230769,1
0.5278846153846154,0
0.5288461538461539,1
0.5298076923076923,1
0.5307692307692308,1
0.5317307692307692,1
0.5326923076923077,1
0.5336538461538461,3
0.5346153846153846,3
0.5355769230769231,0
0.5365384615384615,0
0.5375,1
0.5384615384615384,1
0.5394230769230769,4
0.5403846153846154,1
0.5413461538461538,2
0.5423076923076923,1
0.5432692307692307,3
0.5442307692307692,2
0.5451923076923076,1
0.5461538461538461,1
0.5471153846153847,1
0.5480769230769231,1
0.5490384615384616,2
0.55,2
0.5509615384615385,3
0.551923076923077,0
0.5528846153846154,1
0.5538461538461539,1
0.5548076923076923,1
0.5557692307692308,0
0.5567307692307693,2
0.5576923076923077,0
0.5586538461538462,1
0.5596153846153846,2
0.5605769230769231,1
0.5615384615384615,6
0.5625,4
0.5634615384615385,2
0.5644230769230769,2
0.5653846153846154,2
0.5663461538461538,1
0.5673076923076923,1
0.5682692307692307,0
0.5692307692307692,2
0.5701923076923077,2
0.5711538461538461,1
0.5721153846153846,4
0.573076923076923,2
0.5740384615384615,3
0.575,3
0.5759615384615384,3
0.5769230769230769,3
0.5778846153846153,3
0.5788461538461539,7
0.5798076923076924,4
0.5807692307692308,0
0.5817307692307693,0
0.5826923076923077,2
0.5836538461538462,4
0.5846153846153846,9
0.5855769230769231,5
0.5865384615384616,1
0.5875,1
0.5884615384615385,1
0.5894230769230769,0
0.5903846153846154,1
0.5913461538461539,2
0.5923076923076923,2
0.5932692307692308,2
0.5942307692307692,2
0.5951923076923077,3
0.5961538461538461,3
0.5971153846153846,1
0.5980769230769231,2
0.5990384615384615,0
0.6,1
0.6009615384615384,2
0.6019230769230769,2
0.6028846153846154,2
0.6038461538461538,2
0.6048076923076923,2
0.6057692307692307,4
0.6067307692307692,2
0.6076923076923076,2
0.6086538461538461,2
0.6096153846153847,1
0.6105769230769231,1
0.6115384615384616,1
0.6125,1
0.6134615384615385,4
0.614423076923077,5
0.6153846153846154,7
0.6163461538461539,8
0.6173076923076923,5
0.6182692307692308,5
0.6192307692307693,6
0.6201923076923077,3
0.6211538461538462,2
0.6221153846153846,3
0.6230769230769231,2
0.6240384615384615,2
0.625,1
0.6259615384615385,1
0.6269230769230769,1
0.6278846153846154,1
0.6288461538461538,2
0.6298076923076923,4
0.6307692307692307,2
0.6317307692307692,2
0.6326923076923077,4
0.6336538461538461,4
0.6346153846153846,5
0.635576923076923,1
0.6365384615384615,2
0.6375,2
0.6384615384615384,1
0.6394230769230769,3
0.6403846153846153,3
0.6413461538461539,1
0.6423076923076924,1
0.6432692307692308,1
0.6442307692307693,2
0.6451923076923077,2
0.6461538461538462,6
0.6471153846153846,5
0.6480769230769231,2
0.6490384615384616,2
0.65,1
0.6509615384615385,0
0.6519230769230769,1
0.6528846153846154,2
0.6538461538461539,1
0.6548076923076923,1
0.6557692307692308,0
0.6567307692307692,2
0.6576923076923077,1
0.6586538461538461,1
0.6596153846153846,1
0.6605769230769231,2
0.6615384615384615,2
0.6625,1
0.6634615384615384,1
0.6644230769230769,2
0.6653846153846154,1
0.6663461538461538,2
0.6673076923076923,2
0.6682692307692307,2
0.6692307692307692,2
0.6701923076923076,3
0.6711538461538461,4
0.6721153846153847,3
0.6730769230769231,1
0.6740384615384616,0
0.675,1
0.6759615384615385,1
0.676923076923077,2
0.6778846153846154,1
0.6788461538461539,1
0.6798076923076923,1
0.6807692307692308,1
0.6817307692307693,0
0.6826923076923077,1
0.6836538461538462,1
0.6846153846153846,2
0.6855769230769231,1
0.6865384615384615,5
0.6875,6
0.6884615384615385,5
0.6894230769230769,3
0.6903846153846154,5
0.6913461538461538,4
0.6923076923076923,3
0.6932692307692307,4
0.6942307692307692,6
0.6951923076923077,10
0.6961538461538461,11
0.6971153846153846,10
0.698076923076923,5
0.6990384615384615,5
0.7,2
0.7009615384615384,2
0.7019230769230769,5
0.7028846153846153,9
0.7038461538461539,7
0.7048076923076924,8
0.7057692307692308,5
0.7067307692307693,3
0.7076923076923077,12
0.7086538461538462,9
0.7096153846153846,4
0.7105769230769231,6
0.7115384615384616,8
0.7125,10
0.7134615384615385,7
0.7144230769230769,10
0.7153846153846154,6
0.7163461538461539,10
0.7173076923076923,7
0.7182692307692308,1
0.7192307692307692,1
0.7201923076923077,5
0.7211538461538461,3
0.7221153846153846,1
0.7230769230769231,1
0.7240384615384615,2
0.725,5
0.7259615384615384,7
0.7269230769230769,13
0.7278846153846154,11
0.7288461538461538,8
0.7298076923076923,8
0.7307692307692307,5
0.7317307692307692,1
0.7326923076923076,2
0.7336538461538461,1
0.7346153846153847,1
0.7355769230769231,2
0.7365384615384616,2
0.7375,2
0.7384615384615385,2
0.739423076923077,2
0.7403846153846154,2
0.7413461538461539,2
0.7423076923076923,2
0.7432692307692308,3
0.7442307692307693,4
0.7451923076923077,3
0.7461538461538462,2
0.7471153846153846,4
0.7480769230769231,5
0.7490384615384615,4
0.75,4
0.7509615384615385,8
0.7519230769230769,4
0.7528846153846154,3
0.7538461538461538,4
0.7548076923076923,8
0.7557692307692307,5
0.7567307692307692,6
0.7576923076923077,5
0.7586538461538461,4
0.7596153846153846,1
0.760576923076923,2
0.7615384615384615,6
0.7625,7
0.7634615384615384,7
0.7644230769230769,5
0.7653846153846153,12
0.7663461538461539,10
0.7673076923076924,12
0.7682692307692308,12
0.7692307692307693,12
0.7701923076923077,14
0.7711538461538462,13
0.7721153846153846,4
0.7730769230769231,3
0.7740384615384616,4
0.775,2
0.7759615384615385,0
0.7769230769230769,1
0.7778846153846154,3
0.7788461538461539,5
0.7798076923076923,5
0.7807692307692308,5
0.7817307692307692,6
0.7826923076923077,3
0.7836538461538461,4
0.7846153846153846,7
0.7855769230769231,6
0.7865384615384615,7
0.7875,5
0.7884615384615384,2
0.7894230769230769,2
0.7903846153846154,4
0.7913461538461538,2
0.7923076923076923,7
0.7932692307692307,4
0.7942307692307692,2
0.7951923076923076,4
0.7961538461538461,5
0.7971153846153847,3
0.7980769230769231,0
0.7990384615384616,1
0.8,3
0.8009615384615385,5
0.801923076923077,11
0.8028846153846154,16
0.8038461538461539,13
0.8048076923076923,15
0.8057692307692308,11
0.8067307692307693,5
0.8076923076923077,6
0.8086538461538462,7
0.8096153846153846,7
0.8105769230769231,15
0.8115384615384615,19
0.8125,15
0.8134615384615385,11
0.8144230769230769,6
0.8153846153846154,8
0.8163461538461538,5
0.8173076923076923,4
0.8182692307692307,4
0.8192307692307692,3
0.8201923076923077,4
0.8211538461538461,1
0.8221153846153846,2
0.823076923076923,2
0.8240384615384615,4
0.825,5
0.8259615384615384,10
0.8269230769230769,15
0.8278846153846153,16
0.8288461538461539,15
0.8298076923076924,22
0.8307692307692308,15
0.8317307692307693,17
0.8326923076923077,12
0.8336538461538462,15
0.8346153846153846,22
0.8355769230769231,28
0.8365384615384616,24
0.8375,27
0.8384615384615385,29
0.8394230769230769,23
0.8403846153846154,23
0.8413461538461539,22
0.8423076923076923,28
0.8432692307692308,23
0.8442307692307692,24
0.8451923076923077,13
0.8461538461538461,17
0.8471153846153846,7
0.8480769230769231,0
0.8490384615384615,1
0.85,1
0.8509615384615384,6
0.8519230769230769,6
0.8528846153846154,8
0.8538461538461538,12
0.8548076923076923,9
0.8557692307692307,12
0.8567307692307692,2
0.8576923076923076,4
0.8586538461538461,8
0.8596153846153847,13
0.8605769230769231,16
0.8615384615384616,9
0.8625,10
0.8634615384615385,12
0.864423076923077,8
0.8653846153846154,3
0.8663461538461539,3
0.8673076923076923,2
0.8682692307692308,5
0.8692307692307693,5
0.8701923076923077,7
0.8711538461538462,7
0.8721153846153846,7
0.8730769230769231,9
0.8740384615384615,13
0.875,7
0.8759615384615385,11
0.8769230769230769,12
0.8778846153846154,7
0.8788461538461538,4
0.8798076923076923,4
0.8807692307692307,8
0.8817307692307692,14
0.8826923076923077,16
0.8836538461538461,17
0.8846153846153846,14
0.885576923076923,19
0.8865384615384615,12
0.8875,16
0.8884615384615384,19
0.8894230769230769,22
0.8903846153846153,12
0.8913461538461539,9
0.8923076923076924,11
0.8932692307692308,18
0.8942307692307693,14
0.8951923076923077,17
0.8961538461538462,18
0.8971153846153846,10
0.8980769230769231,18
0.8990384615384616,14
0.9,17
0.9009615384615385,19
0.9019230769230769,21
0.9028846153846154,24
0.9038461538461539,21
0.9048076923076923,21
0.9057692307692308,21
0.9067307692307692,12
0.9076923076923077,9
0.9086538461538461,4
0.9096153846153846,4
0.9105769230769231,2
0.9115384615384615,6
0.9125,6
0.9134615384615384,3
0.9144230769230769,3
0.9153846153846154,6
0.9163461538461538,3
0.9173076923076923,1
0.9182692307692307,3
0.9192307692307692,3
0.9201923076923076,1
0.9211538461538461,1
0.9221153846153847,1
0.9230769230769231,4
0.9240384615384616,6
0.925,4
0.9259615384615385,4
0.926923076923077,3
0.9278846153846154,4
0.9288461538461539,2
0.9298076923076923,1
0.9307692307692308,2
0.9317307692307693,3
0.9326923076923077,5
0.9336538461538462,6
0.9346153846153846,6
0.9355769230769231,8
0.9365384615384615,2
0.9375,3
0.9384615384615385,3
0.9394230769230769,2
0.9403846153846154,2
0.9413461538461538,6
0.9423076923076923,5
0.9432692307692307,8
0.9442307692307692,5
0.9451923076923077,6
0.9461538461538461,6
0.9471153846153846,1
0.948076923076923,1
0.9490384615384615,4
0.95,7
0.9509615384615384,6
0.9519230769230769,9
0.9528846153846153,9
0.9538461538461539,9
0.9548076923076924,13
0.9557692307692308,19
0.9567307692307693,28
0.9576923076923077,34
0.9586538461538462,30
0.9596153846153846,24
0.9605769230769231,29
0.9615384615384616,33
0.9625,30
0.9634615384615385,30
0.9644230769230769,29
0.9653846153846154,30
0.9663461538461539,38
0.9673076923076923,39
0.9682692307692308,36
0.9692307692307692,38
0.9701923076923077,30
0.9711538461538461,25
0.9721153846153846,27
0.9730769230769231,30
0.9740384615384615,29
0.975,27
0.9759615384615384,25
0.9769230769230769,27
0.9778846153846154,27
0.9788461538461538,30
0.9798076923076923,27
0.9807692307692307,28
0.9817307692307692,20
0.9826923076923076,23
0.9836538461538461,18
0.9846153846153847,15
0.9855769230769231,13
0.9865384615384616,11
0.9875,3
0.9884615384615385,5
0.989423076923077,5
0.9903846153846154,7
0.9913461538461539,9
0.9923076923076923,4
0.9932692307692308,6
0.9942307692307693,6
0.9951923076923077,12
0.9961538461538462,14
0.9971153846153846,11
0.9980769230769231,12
0.9990384615384615,6
1.0,10
1.0009615384615385,18
1.001923076923077,10
1.0028846153846154,13
1.0038461538461538,6
1.0048076923076923,2
1.0057692307692307,4
1.0067307692307692,7
1.0076923076923077,3
1.0086538461538461,3
1.0096153846153846,12
1.010576923076923,15
1.0115384615384615,20
1.0125,22
1.0134615384615384,36
1.0144230769230769,37
1.0153846153846153,48
1.0163461538461538,57
1.0173076923076922,60
1.0182692307692307,58
1.0192307692307692,71
1.0201923076923076,72
1.021153846153846,67
1.0221153846153845,70
1.023076923076923,58
1.0240384615384615,65
1.025,90
1.0259615384615384,95
1.0269230769230768,82
1.0278846153846153,91
1.0288461538461537,99
1.0298076923076922,126
1.0307692307692307,156
1.0317307692307693,169
1.0326923076923078,184
1.0336538461538463,240
1.0346153846153847,234
1.0355769230769232,247
1.0365384615384616,263
1.0375,246
1.0384615384615385,281
1.039423076923077,267
1.0403846153846155,266
1.041346153846154,292
1.0423076923076924,293
1.0432692307692308,310
1.0442307692307693,339
1.0451923076923078,342
1.0461538461538462,374
1.0471153846153847,400
1.0480769230769231,423
1.0490384615384616,434
1.05,524
1.0509615384615385,533
1.051923076923077,599
1.0528846153846154,659
1.0538461538461539,683
1.0548076923076923,723
1.0557692307692308,758
1.0567307692307693,877
1.0576923076923077,921
1.0586538461538462,985
1.0596153846153846,964
1.060576923076923,1046
1.0615384615384615,1139
1.0625,1197
1.0634615384615385,1233
1.064423076923077,1270
1.0653846153846154,1421
1.0663461538461538,1513
1.0673076923076923,1690
1.0682692307692307,1753
1.0692307692307692,1887
1.0701923076923077,1973
1.0711538461538461,2084
1.0721153846153846,2316
1.073076923076923,2499
1.0740384615384615,2603
1.075,2945
1.0759615384615384,3083
1.0769230769230769,3314
1.0778846153846153,3522
1.0788461538461538,3742
1.0798076923076922,4057
1.0807692307692307,4268
1.0817307692307692,4581
1.0826923076923076,4930
1.083653846153846,5239
1.0846153846153845,5538
1.085576923076923,5933
1.0865384615384615,6483
1.0875,6954
1.0884615384615384,7640
1.0894230769230768,8537
1.0903846153846153,9145
1.0913461538461537,10192
1.0923076923076922,10848
1.0932692307692307,11748
1.0942307692307693,12840
1.0951923076923078,13733
1.0961538461538463,14390
1.0971153846153847,15492
1.0980769230769232,16715
1.0990384615384616,18043
1.1,19635
1.1009615384615385,21414
1.101923076923077,23086
1.1028846153846155,24441
1.103846153846154,26349
1.1048076923076924,28170
1.1057692307692308,30105
1.1067307692307693,32544
1.1076923076923078,35045
1.1086538461538462,37506
1.1096153846153847,40106
1.1105769230769231,42794
1.1115384615384616,45270
1.1125,48116
1.1134615384615385,50910
1.114423076923077,54247
1.1153846153846154,57344
1.1163461538461539,60216
1.1173076923076923,63401
1.1182692307692308,66066
1.1192307692307693,69261
1.1201923076923077,72068
1.1211538461538462,74321
1.1221153846153846,77758
1.123076923076923,80875
1.1240384615384615,83561
1.125,86067
1.1259615384615385,87523
1.126923076923077,89297
1.1278846153846154,91835
1.1288461538461538,94737
1.1298076923076923,96506
1.1307692307692307,98882
1.1317307692307692,100912
1.1326923076923077,102969
1.1336538461538461,104742
1.1346153846153846,106814
1.135576923076923,107426
1.1365384615384615,108580
1.1375,110113
1.1384615384615384,111074
1.1394230769230769,112572
1.1403846153846153,113909
1.1413461538461538,114786
1.1423076923076922,116004
1.1432692307692307,116362
1.1442307692307692,118126
1.1451923076923076,119715
1.146153846153846,120781
1.1471153846153845,121144
1.148076923076923,121802
1.1490384615384615,122082
1.15,123612
1.1509615384615384,125400
1.1519230769230768,125585
1.1528846153846153,126907
1.1538461538461537,127594
1.1548076923076922,129229
1.1557692307692307,130255
1.1567307692307693,130337
1.1576923076923078,131399
1.1586538461538463,132222
1.1596153846153847,133505
1.1605769230769232,134226
1.1615384615384616,134792
1.1625,135347
1.1634615384615385,135444
1.164423076923077,135252
1.1653846153846155,135655
1.166346153846154,136738
1.1673076923076924,138500
1.1682692307692308,139390
1.1692307692307693,140584
1.1701923076923078,140639
1.1711538461538462,141348
1.1721153846153847,141651
1.1730769230769231,142723
1.1740384615384616,144132
1.175,144458
1.1759615384615385,144556
1.176923076923077,145404
1.1778846153846154,145645
1.1788461538461539,146526
1.1798076923076923,147237
1.1807692307692308,148532
1.1817307692307693,150000
1.1826923076923077,150755
1.1836538461538462,151691
1.1846153846153846,152222
1.185576923076923,152638
1.1865384615384615,153673
1.1875,154175
1.1884615384615385,154376
1.189423076923077,155190
1.1903846153846154,155004
1.1913461538461538,155849
1.1923076923076923,157432
1.1932692307692307,158414
1.1942307692307692,157939
1.1951923076923077,159390
1.1961538461538461,160223
1.1971153846153846,160970
1.198076923076923,161591
1.1990384615384615,162502
1.2,164222
1.2009615384615384,163644
1.2019230769230769,163763
1.2028846153846153,164333
1.2038461538461538,165733
1.2048076923076922,165733
1.2057692307692307,167697
1.2067307692307692,168188
1.2076923076923076,168993
1.208653846153846,169531
1.2096153846153845,170034
1.210576923076923,170738
1.2115384615384615,171074
1.2125,171504
1.2134615384615384,171661
1.2144230769230768,172811
1.2153846153846153,173357
1.2163461538461537,174457
1.2173076923076922,175410
1.2182692307692307,175727
1.2192307692307693,176910
1.2201923076923078,177442
1.2211538461538463,177493
1.2221153846153847,178234
1.2230769230769232,178766
1.2240384615384616,179204
1.225,180135
1.2259615384615385,180517
1.226923076923077,182131
1.2278846153846155,182692
1.228846153846154,183306
1.2298076923076924,183992
1.2307692307692308,185265
1.2317307692307693,185271
1.2326923076923078,185699
1.2336538461538462,186978
1.2346153846153847,187536
1.2355769230769231,188874
1.2365384615384616,188282
1.2375,188993
1.2384615384615385,190093
1.239423076923077,191083
1.2403846153846154,190879
1.2413461538461539,191338
1.2423076923076923,191491
1.2432692307692308,191647
1.2442307692307693,192315
1.2451923076923077,193599
1.2461538461538462,194472
1.2471153846153846,196274
1.248076923076923,196779
1.2490384615384615,196486
1.25,197539
1.2509615384615385,198277
1.251923076923077,198367
1.2528846153846154,198625
1.2538461538461538,198926
1.2548076923076923,200209
1.2557692307692307,200549
1.2567307692307692,201516
1.2576923076923077,203008
1.2586538461538461,203443
1.2596153846153846,204153
1.260576923076923,204710
1.2615384615384615,205385
1.2625,206061
1.2634615384615384,206124
1.2644230769230769,206808
1.2653846153846153,207237
1.2663461538461538,208380
1.2673076923076922,209890
1.2682692307692307,210771
1.2692307692307692,210946
1.2701923076923076,211230
1.271153846153846,211190
1.2721153846153845,211725
1.273076923076923,212461
1.2740384615384615,213080
1.275,214108
1.2759615384615384,214690
1.2769230769230768,214840
1.2778846153846153,216701
1.2788461538461537,216721
1.2798076923076922,217588
1.2807692307692307,219042
1.2817307692307693,219677
1.2826923076923078,220810
1.2836538461538463,222015
1.2846153846153847,221573
1.2855769230769232,222775
1.2865384615384616,222621
1.2875,222406
1.2884615384615385,223153
1.289423076923077,223388
1.2903846153846155,223122
1.291346153846154,223131
1.2923076923076924,223928
1.2932692307692308,224803
1.2942307692307693,226039
1.2951923076923078,227137
1.2961538461538462,227234
1.2971153846153847,227365
1.2980769230769231,228255
1.2990384615384616,228918
1.3,228954
1.3009615384615385,228928
1.301923076923077,231232
1.3028846153846154,231526
1.3038461538461539,231838
1.3048076923076923,232211
1.3057692307692308,233994
1.3067307692307693,233497
1.3076923076923077,234185
1.3086538461538462,235206
1.3096153846153846,236048
1.310576923076923,236618
1.3115384615384615,236799
1.3125,236148
1.3134615384615385,235865
1.314423076923077,236499
1.3153846153846154,237605
1.3163461538461538,238139
1.3173076923076923,239631
1.3182692307692307,240147
1.3192307692307692,239910
1.3201923076923077,240928
1.3211538461538461,241229
1.3221153846153846,240881
1.323076923076923,242186
1.3240384615384615,242920
1.325,243571
1.3259615384615384,245142
1.3269230769230769,246459
1.3278846153846153,246508
1.3288461538461538,246594
1.3298076923076922,247228
1.3307692307692307,247942
1.3317307692307692,248108
1.3326923076923076,250920
1.333653846153846,250232
1.3346153846153845,249474
1.335576923076923,249724
1.3365384615384615,250407
1.3375,251175
1.3384615384615384,252071
1.3394230769230768,252864
1.3403846153846153,253234
1.3413461538461537,253350
1.3423076923076922,253178
1.3432692307692307,254256
1.3442307692307693,254401
1.3451923076923078,255021
1.3461538461538463,255771
1.3471153846153847,255629
1.3480769230769232,255253
1.3490384615384616,255665
1.35,256497
1.3509615384615385,256840
1.351923076923077,257024
1.3528846153846155,257590
1.353846153846154,258338
1.3548076923076924,260214
1.3557692307692308,259494
1.3567307692307693,260338
1.3576923076923078,260929
1.3586538461538462,261742
1.3596153846153847,262394
1.3605769230769231,262314
1.3615384615384616,263142
1.3625,262627
1.3634615384615385,264348
1.364423076923077,264640
1.3653846153846154,265844
1.3663461538461539,266761
1.3673076923076923,266502
1.3682692307692308,267143
1.3692307692307693,267756
1.3701923076923077,268805
1.3711538461538462,268586
1.3721153846153846,269260
1.373076923076923,270023
1.3740384615384615,270696
1.375,271392
1.3759615384615385,272522
1.376923076923077,272305
1.3778846153846154,274330
1.3788461538461538,273508
1.3798076923076923,273850
1.3807692307692307,273933
1.3817307692307692,274457
1.3826923076923077,274379
1.3836538461538461,275747
1.3846153846153846,276703
1.385576923076923,276963
1.3865384615384615,277149
1.3875,278380
1.3884615384615384,278017
1.3894230769230769,277732
1.3903846153846153,277878
1.3913461538461538,279277
1.3923076923076922,279382
1.3932692307692307,279319
1.3942307692307692,280550
1.3951923076923076,281137
1.396153846153846,282114
1.3971153846153845,282504
1.398076923076923,282796
1.3990384615384615,284328
1.4,284918
1.4009615384615384,285491
1.4019230769230768,284994
1.4028846153846153,286129
1.4038461538461537,287042
1.4048076923076922,287600
1.4057692307692307,288516
1.4067307692307693,288313
1.4076923076923078,289320
1.4086538461538463,289701
1.4096153846153847,289616
1.4105769230769232,289537
1.4115384615384616,290261
1.4125,290610
1.4134615384615385,291582
1.414423076923077,292110
1.4153846153846155,293566
1.416346153846154,293815
1.4173076923076924,293048
1.4182692307692308,294287
1.4192307692307693,294555
1.4201923076923078,294451
1.4211538461538462,294766
1.4221153846153847,295818
1.4230769230769231,296865
1.4240384615384616,295575
1.425,297012
1.4259615384615385,297519
1.426923076923077,298990
1.4278846153846154,299348
1.4288461538461539,299952
1.4298076923076923,300248
1.4307692307692308,301789
1.4317307692307693,302303
1.4326923076923077,301932
1.4336538461538462,303362
1.4346153846153846,303547
1.435576923076923,303637
1.4365384615384615,303298
1.4375,303237
1.4384615384615385,303574
1.439423076923077,303703
1.4403846153846154,304532
1.4413461538461538,304297
1.4423076923076923,305427
1.4432692307692307,307691
1.4442307692307692,308028
1.4451923076923077,306618
1.4461538461538461,306989
1.4471153846153846,307857
1.448076923076923,308953
1.4490384615384615,309053
1.45,310027
1.4509615384615384,311479
1.4519230769230769,311332
1.4528846153846153,312173
1.4538461538461538,313939
1.4548076923076922,312718
1.4557692307692307,312579
1.4567307692307692,313118
1.4576923076923076,312626
1.458653846153846,312163
1.4596153846153845,313100
1.460576923076923,314556
1.4615384615384615,314731
1.4625,314149
1.4634615384615384,314566
1.4644230769230768,315371
1.4653846153846153,316504
1.4663461538461537,317317
1.4673076923076922,318389
1.4682692307692307,318412
1.4692307692307693,317464
1.4701923076923078,318244
1.4711538461538463,318950
1.4721153846153847,319074
1.4730769230769232,319531
1.4740384615384616,321525
1.475,321644
1.4759615384615385,322164
1.476923076923077,322059
1.4778846153846155,322291
1.478846153846154,324256
1.4798076923076924,324174
1.4807692307692308,324005
1.4817307692307693,323089
1.4826923076923078,323391
1.4836538461538462,323947
1.4846153846153847,325497
1.4855769230769231,326245
1.4865384615384616,327042
1.4875,327478
1.4884615384615385,327660
1.489423076923077,328249
1.4903846153846154,328537
1.4913461538461539,329556
1.4923076923076923,328413
1.4932692307692308,328832
1.4942307692307693,329757
1.4951923076923077,330041
1.4961538461538462,329578
1.4971153846153846,330293
1.498076923076923,330140
1.4990384615384615,331073
1.5,332319
1.5009615384615385,333249
1.501923076923077,333886
1.5028846153846154,334059
1.5038461538461538,334086
1.5048076923076923,335115
1.5057692307692307,334719
1.5067307692307692,335398
1.5076923076923077,335433
1.5086538461538461,335313
1.5096153846153846,336181
1.510576923076923,335719
1.5115384615384615,336731
1.5125,337505
1.5134615384615384,337668
1.5144230769230769,338159
1.5153846153846153,338343
1.5163461538461538,339288
1.5173076923076922,339482
1.5182692307692307,340382
1.5192307692307692,339767
1.5201923076923076,340178
1.521153846153846,342698
1.5221153846153845,342851
1.523076923076923,343170
1.5240384615384615,344161
1.525,343391
1.5259615384615384,344689
1.5269230769230768,345336
1.5278846153846153,344895
1.5288461538461537,346176
1.5298076923076922,344841
1.5307692307692307,345988
1.5317307692307693,346686
1.5326923076923078,347120
1.5336538461538463,346469
1.5346153846153847,346555
1.5355769230769232,346388
1.5365384615384616,347569
1.5375,347960
1.5384615384615385,349694
1.539423076923077,350671
1.5403846153846155,350716
1.541346153846154,350373
1.5423076923076924,350601
1.5432692307692308,350646
1.5442307692307693,350740
1.5451923076923078,351378
1.5461538461538462,351824
1.5471153846153847,352958
1.5480769230769231,352957
1.5490384615384616,353610
1.55,354463
1.5509615384615385,354731
1.551923076923077,353947
1.5528846153846154,354848
1.5538461538461539,355268
1.5548076923076923,354638
1.5557692307692308,355123
1.5567307692307693,356232
1.5576923076923077,356780
1.5586538461538462,357716
1.5596153846153846,358705
1.560576923076923,359836
1.5615384615384615,359366
1.5625,359108
1.5634615384615385,358633
1.564423076923077,360255
1.5653846153846154,360612
1.5663461538461538,360988
1.5673076923076923,362409
1.5682692307692307,362323
1.5692307692307692,361987
1.5701923076923077,362448
1.5711538461538461,362697
1.5721153846153846,362978
1.573076923076923,363071
1.5740384615384615,363541
1.575,363246
1.5759615384615384,363862
1.5769230769230769,366070
1.5778846153846153,366967
1.5788461538461538,367140
1.5798076923076922,365674
1.5807692307692307,366545
1.5817307692307692,368290
1.5826923076923076,367237
1.583653846153846,367361
1.5846153846153845,368019
1.585576923076923,369031
1.5865384615384615,368638
1.5875,369268
1.5884615384615384,369690
1.5894230769230768,368789
1.5903846153846153,369546
1.5913461538461537,371267
1.5923076923076922,371529
1.5932692307692307,372689
1.5942307692307693,372177
1.5951923076923078,372055
1.5961538461538463,372450
1.5971153846153847,372300
1.5980769230769232,374543
1.5990384615384616,374341
1.6,373777
1.6009615384615385,374088
1.601923076923077,373668
1.6028846153846155,374630
1.603846153846154,374714
1.6048076923076924,375302
1.6057692307692308,376832
1.6067307692307693,376758
1.6076923076923078,377111
1.6086538461538462,377287
1.6096153846153847,377410
1.6105769230769231,377784
1.6115384615384616,377896
1.6125,378384
1.6134615384615385,378155
1.614423076923077,378335
1.6153846153846154,380213
1.6163461538461539,379981
1.6173076923076923,380601
1.6182692307692308,380894
1.6192307692307693,380926
1.6201923076923077,380913
1.6211538461538462,382272
1.6221153846153846,382853
1.623076923076923,383972
1.6240384615384615,383410
1.625,384541
1.6259615384615385,383774
1.626923076923077,384550
1.6278846153846154,385946
1.6288461538461538,386361
1.6298076923076923,385773
1.6307692307692307,385351
1.6317307692307692,386886
1.6326923076923077,387206
1.6336538461538461,388362
1.6346153846153846,388815
1.635576923076923,388816
1.6365384615384615,388925
1.6375,388739
1.6384615384615384,389994
1.6394230769230769,389543
1.6403846153846153,388504
1.6413461538461538,390679
1.6423076923076922,390481
1.6432692307692307,390104
1.6442307692307692,389792
1.6451923076923076,390219
1.646153846153846,391206
1.6471153846153845,390180
1.648076923076923,392119
1.6490384615384615,393420
1.65,392708
1.6509615384615384,393172
1.6519230769230768,394262
1.6528846153846153,396149
1.6538461538461537,396009
1.6548076923076922,395205
1.6557692307692307,395337
1.6567307692307693,396607
1.6576923076923078,395322
1.6586538461538463,397495
1.6596153846153847,396683
1.6605769230769232,397083
1.6615384615384616,397329
1.6625,398974
1.6634615384615385,399278
1.664423076923077,400264
1.6653846153846155,399304
1.666346153846154,398423
1.6673076923076924,399316
1.6682692307692308,400239
1.6692307692307693,400550
1.6701923076923078,399689
1.6711538461538462,400032
1.6721153846153847,402106
1.6730769230769231,401665
1.6740384615384616,402602
1.675,403160
1.6759615384615385,403220
1.676923076923077,404538
1.6778846153846154,403754
1.6788461538461539,404256
1.6798076923076923,404255
1.6807692307692308,404133
1.6817307692307693,403526
1.6826923076923077,404955
1.6836538461538462,405577
1.6846153846153846,405958
1.685576923076923,407328
1.6865384615384615,407845
1.6875,407472
1.6884615384615385,408762
1.689423076923077,407855
1.6903846153846154,408176
1.6913461538461538,408201
1.6923076923076923,408141
1.6932692307692307,408190
1.6942307692307692,408137
1.6951923076923077,409590
1.6961538461538461,410897
1.6971153846153846,410886
1.698076923076923,411197
1.6990384615384615,412761
1.7,412132
1.7009615384615384,411767
1.7019230769230769,412102
1.7028846153846153,412337
1.7038461538461538,413103
1.7048076923076922,412606
1.7057692307692307,413200
1.7067307692307692,412614
1.7076923076923076,412442
1.708653846153846,412855
1.7096153846153845,414101
1.710576923076923,413851
1.7115384615384615,414409
1.7125,414638
1.7134615384615384,415292
1.7144230769230768,417153
1.7153846153846153,416711
1.7163461538461537,416528
1.7173076923076922,417528
1.7182692307692307,417408
1.7192307692307693,417822
1.7201923076923078,417818
1.7211538461538463,418266
1.7221153846153847,418792
1.7230769230769232,419458
1.7240384615384616,418255
1.725,419371
1.7259615384615385,420034
1.726923076923077,420698
1.7278846153846155,422049
1.728846153846154,421747
1.7298076923076924,421434
1.7307692307692308,420485
1.7317307692307693,421452
1.7326923076923078,421875
1.7336538461538462,423433
1.7346153846153847,423197
1.7355769230769231,422971
1.7365384615384616,424721
1.7375,424312
1.7384615384615385,425882
1.739423076923077,425113
1.7403846153846154,426498
1.7413461538461539,426141
1.7423076923076923,426644
1.7432692307692308,426610
1.7442307692307693,426892
1.7451923076923077,427138
1.7461538461538462,427135
1.7471153846153846,426956
1.748076923076923,427831
1.7490384615384615,427441
1.75,428535
1.7509615384615385,428111
1.751923076923077,428516
1.7528846153846154,429519
1.7538461538461538,429192
1.7548076923076923,430857
1.7557692307692307,431186
1.7567307692307692,430464
1.7576923076923077,429997
1.7586538461538461,430279
1.7596153846153846,431622
1.760576923076923,431406
1.7615384615384615,432099
1.7625,433571
1.7634615384615384,434107
1.7644230769230769,433245
1.7653846153846153,433334
1.7663461538461538,433277
1.7673076923076922,434216
1.7682692307692307,432043
1.7692307692307692,433948
1.7701923076923076,434033
1.771153846153846,433559
1.7721153846153845,435717
1.773076923076923,436068
1.7740384615384615,435508
1.775,436064
1.7759615384615384,436576
1.7769230769230768,437233
1.7778846153846153,436368
1.7788461538461537,437742
1.7798076923076922,437489
1.7807692307692307,438119
1.7817307692307693,438420
1.7826923076923078,437727
1.7836538461538463,438672
1.7846153846153847,438754
1.7855769230769232,438292
1.7865384615384616,439557
1.7875,440344
1.7884615384615385,439038
1.789423076923077,440849
1.7903846153846155,441764
1.791346153846154,442011
1.7923076923076924,442121
1.7932692307692308,442248
1.7942307692307693,442137
1.7951923076923078,442318
1.7961538461538462,442683
1.7971153846153847,443269
1.7980769230769231,442865
1.7990384615384616,444375
1.8,443941
1.8009615384615385,444305
1.801923076923077,445686
1.8028846153846154,446010
1.8038461538461539,445586
1.8048076923076923,444645
1.8057692307692308,446845
1.8067307692307693,446910
1.8076923076923077,446340
1.8086538461538462,446366
1.8096153846153846,447273
1.810576923076923,447941
1.8115384615384615,447430
1.8125,447821
1.8134615384615385,447730
1.814423076923077,448223
1.8153846153846154,448600
1.8163461538461538,448936
1.8173076923076923,449684
1.8182692307692307,450480
1.8192307692307692,450063
1.8201923076923077,450115
1.8211538461538461,450385
1.8221153846153846,451080
1.823076923076923,450775
1.8240384615384615,451997
1.825,452555
1.8259615384615384,452527
1.8269230769230769,451607
1.8278846153846153,451758
1.8288461538461538,452577
1.8298076923076922,454457
1.8307692307692307,453677
1.8317307692307692,454256
1.8326923076923076,453772
1.833653846153846,454454
1.8346153846153845,454605
1.835576923076923,454692
1.8365384615384615,455174
1.8375,455070
1.8384615384615384,456019
1.8394230769230768,455969
1.8403846153846153,455134
1.8413461538461537,457302
1.8423076923076922,456869
1.8432692307692307,456332
1.8442307692307693,457524
1.8451923076923078,458481
1.8461538461538463,458421
1.8471153846153847,458249
1.8480769230769232,457205
1.8490384615384616,458956
1.85,460379
1.8509615384615385,458789
1.851923076923077,460669
1.8528846153846155,460627
1.853846153846154,460121
1.8548076923076924,460481
1.8557692307692308,460855
1.8567307692307693,459981
1.8576923076923078,461106
1.8586538461538462,461240
1.8596153846153847,462751
1.8605769230769231,462955
1.8615384615384616,462434
1.8625,463198
1.8634615384615385,463178
1.864423076923077,463069
1.8653846153846154,463663
1.8663461538461539,464431
1.8673076923076923,464922
1.8682692307692308,464564
1.8692307692307693,465107
1.8701923076923077,464761
1.8711538461538462,465028
1.8721153846153846,464895
1.873076923076923,466096
1.8740384615384615,465482
1.875,465283
1.8759615384615385,465118
1.876923076923077,467266
1.8778846153846154,468389
1.8788461538461538,468463
1.8798076923076923,468622
1.8807692307692307,466822
1.8817307692307692,468323
1.8826923076923077,467930
1.8836538461538461,469179
1.8846153846153846,468815
1.885576923076923,468931
1.8865384615384615,470015
1.8875,469461
1.8884615384615384,469653
1.8894230769230769,469901
1.8903846153846153,470156
1.8913461538461538,470490
1.8923076923076922,471416
1.8932692307692307,472026
1.8942307692307692,470925
1.8951923076923076,470644
1.896153846153846,471739
1.8971153846153845,472616
1.898076923076923,472811
1.8990384615384615,474355
1.9,473955
1.9009615384615384,473042
1.9019230769230768,473966
1.9028846153846153,474857
1.9038461538461537,474744
1.9048076923076922,474775
1.9057692307692307,475603
1.9067307692307693,477268
1.9076923076923078,476264
1.9086538461538463,475918
1.9096153846153847,476580
1.9105769230769232,476488
1.9115384615384616,477018
1.9125,477090
1.9134615384615385,477571
1.914423076923077,478021
1.9153846153846155,477310
1.916346153846154,477659
1.9173076923076924,476877
1.9182692307692308,476505
1.9192307692307693,477630
1.9201923076923078,479275
1.9211538461538462,479583
1.9221153846153847,479997
1.9230769230769231,479565
1.9240384615384616,479572
1.925,480319
1.9259615384615385,480639
1.926923076923077,480844
1.9278846153846154,481111
1.9288461538461539,481240
1.9298076923076923,481426
1.9307692307692308,482396
1.9317307692307693,482684
1.9326923076923077,481570
1.9336538461538462,483039
1.9346153846153846,483152
1.935576923076923,484111
1.9365384615384615,485065
1.9375,484864
1.9384615384615385,483550
1.939423076923077,484165
1.9403846153846154,484666
1.9413461538461538,486485
1.9423076923076923,485008
1.9432692307692307,484122
1.9442307692307692,485900
1.9451923076923077,485984
1.9461538461538461,485182
1.9471153846153846,486732
1.948076923076923,486669
1.9490384615384615,487574
1.95,486346
1.9509615384615384,486598
1.9519230769230769,487927
1.9528846153846153,489018
1.9538461538461538,487264
1.9548076923076922,487898
1.9557692307692307,486795
1.9567307692307692,487727
1.9576923076923076,487506
1.958653846153846,487582
1.9596153846153845,489746
1.960576923076923,489248
1.9615384615384615,489266
1.9625,491406
1.9634615384615384,490505
1.9644230769230768,490201
1.9653846153846153,490782
1.9663461538461537,490088
1.9673076923076922,490554
1.9682692307692307,490224
1.9692307692307693,491435
1.9701923076923078,493044
1.9711538461538463,493794
1.9721153846153847,493088
1.9730769230769232,492435
1.9740384615384616,493146
1.975,493832
1.9759615384615385,494739
1.976923076923077,493874
1.9778846153846155,495354
1.978846153846154,495007
1.9798076923076924,495074
1.9807692307692308,494259
1.9817307692307693,494300
1.9826923076923078,495112
1.9836538461538462,495624
1.9846153846153847,494615
1.9855769230769231,494086
1.9865384615384616,495041
1.9875,495528
1.9884615384615385,496292
1.989423076923077,496303
1.9903846153846154,497253
1.9913461538461539,497630
1.9923076923076923,498028
1.9932692307692308,497957
1.9942307692307693,497745
1.9951923076923077,497785
1.9961538461538462,500206
1.9971153846153846,500222
1.998076923076923,498895
1.9990384615384615,498360
